{
    "Cost_Coefficients": {
        "C_FN": 5.0,
        "C_FP": 1.0
    },
    "Baseline_No_Outreach_Cost": 1870.0,
    "Optimal_F1_Threshold": {
        "F1-Score": 0.6228448275862069,
        "Threshold": 0.30000000000000004,
        "Test_Evaluation": {
            "Threshold": 0.30000000000000004,
            "Accuracy": 0.751596877217885,
            "Precision": 0.5216606498194946,
            "Recall": 0.7727272727272727,
            "F1-Score": 0.6228448275862069,
            "TN": 770,
            "FP": 265,
            "FN": 85,
            "TP": 289,
            "Total_Cost": 690.0
        }
    },
    "Optimal_Cost_Threshold": {
        "Cost": 609.0,
        "Threshold": 0.15000000000000002,
        "Net_Savings": 1261.0,
        "Test_Evaluation": {
            "Threshold": 0.15000000000000002,
            "Accuracy": 0.6756564939673527,
            "Precision": 0.44503311258278144,
            "Recall": 0.8983957219251337,
            "F1-Score": 0.5952170062001771,
            "TN": 616,
            "FP": 419,
            "FN": 38,
            "TP": 336,
            "Total_Cost": 609.0
        }
    },
    "Locked_Threshold_Evaluation": {
        "Threshold": 0.15,
        "Test_Evaluation": {
            "Threshold": 0.15,
            "Accuracy": 0.6756564939673527,
            "Precision": 0.44503311258278144,
            "Recall": 0.8983957219251337,
            "F1-Score": 0.5952170062001771,
            "TN": 616,
            "FP": 419,
            "FN": 38,
            "TP": 336,
            "Total_Cost": 609.0
        }
    },
    "Threshold_Sweep_Grid": [
        {
            "Threshold": 0.1,
            "Accuracy": 0.5727466288147622,
            "Precision": 0.3805031446540881,
            "Recall": 0.9705882352941176,
            "F1-Score": 0.5466867469879518,
            "TN": 444,
            "FP": 591,
            "FN": 11,
            "TP": 363,
            "Total_Cost": 646.0
        },
        {
            "Threshold": 0.15000000000000002,
            "Accuracy": 0.6756564939673527,
            "Precision": 0.44503311258278144,
            "Recall": 0.8983957219251337,
            "F1-Score": 0.5952170062001771,
            "TN": 616,
            "FP": 419,
            "FN": 38,
            "TP": 336,
            "Total_Cost": 609.0
        },
        {
            "Threshold": 0.20000000000000004,
            "Accuracy": 0.716820440028389,
            "Precision": 0.48120300751879697,
            "Recall": 0.8556149732620321,
            "F1-Score": 0.6159769008662175,
            "TN": 690,
            "FP": 345,
            "FN": 54,
            "TP": 320,
            "Total_Cost": 615.0
        },
        {
            "Threshold": 0.25000000000000006,
            "Accuracy": 0.7395315826827538,
            "Precision": 0.5058430717863105,
            "Recall": 0.8101604278074866,
            "F1-Score": 0.6228160328879754,
            "TN": 739,
            "FP": 296,
            "FN": 71,
            "TP": 303,
            "Total_Cost": 651.0
        },
        {
            "Threshold": 0.30000000000000004,
            "Accuracy": 0.751596877217885,
            "Precision": 0.5216606498194946,
            "Recall": 0.7727272727272727,
            "F1-Score": 0.6228448275862069,
            "TN": 770,
            "FP": 265,
            "FN": 85,
            "TP": 289,
            "Total_Cost": 690.0
        },
        {
            "Threshold": 0.3500000000000001,
            "Accuracy": 0.7721788502484032,
            "Precision": 0.5550935550935551,
            "Recall": 0.713903743315508,
            "F1-Score": 0.624561403508772,
            "TN": 821,
            "FP": 214,
            "FN": 107,
            "TP": 267,
            "Total_Cost": 749.0
        },
        {
            "Threshold": 0.40000000000000013,
            "Accuracy": 0.7771469127040455,
            "Precision": 0.5694444444444444,
            "Recall": 0.6577540106951871,
            "F1-Score": 0.6104218362282878,
            "TN": 849,
            "FP": 186,
            "FN": 128,
            "TP": 246,
            "Total_Cost": 826.0
        },
        {
            "Threshold": 0.45000000000000007,
            "Accuracy": 0.7856635911994322,
            "Precision": 0.6005586592178771,
            "Recall": 0.5748663101604278,
            "F1-Score": 0.587431693989071,
            "TN": 892,
            "FP": 143,
            "FN": 159,
            "TP": 215,
            "Total_Cost": 938.0
        },
        {
            "Threshold": 0.5000000000000001,
            "Accuracy": 0.801277501774308,
            "Precision": 0.6556291390728477,
            "Recall": 0.5294117647058824,
            "F1-Score": 0.5857988165680473,
            "TN": 931,
            "FP": 104,
            "FN": 176,
            "TP": 198,
            "Total_Cost": 984.0
        },
        {
            "Threshold": 0.5500000000000002,
            "Accuracy": 0.8005677785663591,
            "Precision": 0.6882591093117408,
            "Recall": 0.45454545454545453,
            "F1-Score": 0.5475040257648953,
            "TN": 958,
            "FP": 77,
            "FN": 204,
            "TP": 170,
            "Total_Cost": 1097.0
        },
        {
            "Threshold": 0.6000000000000002,
            "Accuracy": 0.8019872249822569,
            "Precision": 0.7209302325581395,
            "Recall": 0.4144385026737968,
            "F1-Score": 0.5263157894736842,
            "TN": 975,
            "FP": 60,
            "FN": 219,
            "TP": 155,
            "Total_Cost": 1155.0
        },
        {
            "Threshold": 0.6500000000000001,
            "Accuracy": 0.7764371894960965,
            "Precision": 0.736,
            "Recall": 0.24598930481283424,
            "F1-Score": 0.3687374749498998,
            "TN": 1002,
            "FP": 33,
            "FN": 282,
            "TP": 92,
            "Total_Cost": 1443.0
        },
        {
            "Threshold": 0.7000000000000002,
            "Accuracy": 0.7679205110007097,
            "Precision": 0.7764705882352941,
            "Recall": 0.17647058823529413,
            "F1-Score": 0.2875816993464052,
            "TN": 1016,
            "FP": 19,
            "FN": 308,
            "TP": 66,
            "Total_Cost": 1559.0
        },
        {
            "Threshold": 0.7500000000000002,
            "Accuracy": 0.7679205110007097,
            "Precision": 0.7764705882352941,
            "Recall": 0.17647058823529413,
            "F1-Score": 0.2875816993464052,
            "TN": 1016,
            "FP": 19,
            "FN": 308,
            "TP": 66,
            "Total_Cost": 1559.0
        },
        {
            "Threshold": 0.8000000000000002,
            "Accuracy": 0.751596877217885,
            "Precision": 0.8157894736842105,
            "Recall": 0.08288770053475936,
            "F1-Score": 0.15048543689320387,
            "TN": 1028,
            "FP": 7,
            "FN": 343,
            "TP": 31,
            "Total_Cost": 1722.0
        },
        {
            "Threshold": 0.8500000000000002,
            "Accuracy": 0.751596877217885,
            "Precision": 0.8157894736842105,
            "Recall": 0.08288770053475936,
            "F1-Score": 0.15048543689320387,
            "TN": 1028,
            "FP": 7,
            "FN": 343,
            "TP": 31,
            "Total_Cost": 1722.0
        },
        {
            "Threshold": 0.9000000000000002,
            "Accuracy": 0.7359829666430092,
            "Precision": 1.0,
            "Recall": 0.0053475935828877,
            "F1-Score": 0.010638297872340425,
            "TN": 1035,
            "FP": 0,
            "FN": 372,
            "TP": 2,
            "Total_Cost": 1860.0
        }
    ]
}